{"cameraMode":{"drawMode":0,"name":"Shaded","section":"Shading Mode"},"sceneLighting":true,"audioPlay":false,"sceneViewState":{"showFog":true,"showMaterialUpdate":false,"showSkybox":true,"showFlares":true,"showImageEffects":true,"showParticleSystems":true},"in2DMode":false,"pivot":{"x":74.49180603027344,"y":-5.880274772644043,"z":115.04483795166016},"rotation":{"x":0.14973072707653047,"y":-0.12394611537456513,"z":0.018922988325357438,"w":0.9807446599006653},"size":167.30213928222657,"orthographic":false}